product_code,total_cost,record_count,avg_cost_per_record
VOICE_INT,1697.66,28,60.630714285714284
VOICE_NAT,964.49,99,9.74242424242424
DATA_ULTRA,34.82,23,1.513917391304348
SMS_STD,0.89,21,0.04285714285714285
