customer_id,total_data_usage,total_amount_due
212641329359,6.45604,11.32
212681235251,4.2831600000000005,8.79
212606138644,4.116479999999999,25.04
212672195021,3.06043,4.49
212602910472,2.6554200000000003,12.41
212776115235,2.64616,22.2
212704011160,2.63333,10.03
212623054803,2.5008,44.09
212631332366,2.49625,41.31
212754643912,1.89291,5.75
212603715531,1.4271300000000002,2.63
212625978085,0.5291400000000002,11.64
212793428843,0.12284999999999997,14.43
